{
    "Logistic Regression": {
        "accuracy": 0.7877927608232789,
        "precision": 0.6254180602006689,
        "recall": 0.5,
        "f1": 0.5557206537890045,
        "roc_auc": 0.8323271073910459
    },
    "Random Forest": {
        "accuracy": 0.7551454932576295,
        "precision": 0.5438066465256798,
        "recall": 0.48128342245989303,
        "f1": 0.5106382978723404,
        "roc_auc": 0.7953731690304581
    },
    "SVM": {
        "accuracy": 0.7920511000709723,
        "precision": 0.6391752577319587,
        "recall": 0.49732620320855614,
        "f1": 0.5593984962406015,
        "roc_auc": 0.7888669301712781
    }
}