{
    "Logistic Regression": {
<<<<<<< Updated upstream
        "accuracy": 0.7877927608232789,
        "precision": 0.6254180602006689,
        "recall": 0.5,
        "f1": 0.5557206537890045,
        "roc_auc": 0.8323271073910459
    },
    "Random Forest": {
        "accuracy": 0.7551454932576295,
        "precision": 0.5438066465256798,
        "recall": 0.48128342245989303,
        "f1": 0.5106382978723404,
        "roc_auc": 0.7953731690304581
    },
    "SVM": {
        "accuracy": 0.7920511000709723,
        "precision": 0.6391752577319587,
        "recall": 0.49732620320855614,
        "f1": 0.5593984962406015,
        "roc_auc": 0.7888669301712781
=======
        "accuracy": 0.794180269694819,
        "precision": 0.63125,
        "recall": 0.5401069518716578,
        "f1": 0.5821325648414986,
        "roc_auc": 0.8402981218837996
    },
    "Random Forest": {
        "accuracy": 0.7842441447835344,
        "precision": 0.625,
        "recall": 0.4679144385026738,
        "f1": 0.5351681957186545,
        "roc_auc": 0.8209951174145548
    },
    "SVM": {
        "accuracy": 0.7934705464868701,
        "precision": 0.6466431095406361,
        "recall": 0.4893048128342246,
        "f1": 0.5570776255707762,
        "roc_auc": 0.8082474359967966
>>>>>>> Stashed changes
    }
}