{
    "Logistic Regression": {
        "accuracy": 0.8270291262135923,
        "precision": 0.8136746597537265,
        "recall": 0.823413674372848,
        "f1": 0.8185151984353354,
        "roc_auc": 0.9030001434419446
    },
    "Random Forest": {
        "accuracy": 0.9985242718446602,
        "precision": 0.9995070653959908,
        "recall": 0.9973766191178882,
        "f1": 0.9984407057858022,
        "roc_auc": 0.9999942168311797
    },
    "SVM": {
        "accuracy": 0.9444660194174758,
        "precision": 0.9267596702599873,
        "recall": 0.9585177898016068,
        "f1": 0.9423712420407834,
        "roc_auc": 0.9904297267072835
    }
}